Names,Frequency,Years,Gender,Rank
JESSICA,208,1990,F,1.0
AMANDA,199,1980,F,2.0
JESSICA,176,1991,F,3.0
JENNIFER,174,1982,F,4.0
JESSICA,174,1987,F,4.0
MATTHEW,173,1983,M,6.0
CHRISTOPHER,171,1982,M,7.0
JESSICA,170,1992,F,8.0
JESSICA,169,1988,F,9.0
JESSICA,169,1989,F,9.0
MATTHEW,166,1981,M,11.0
MATTHEW,165,1984,M,12.0
MATTHEW,165,1987,M,12.0
MATTHEW,164,1982,M,14.0
CHRISTOPHER,162,1986,M,15.0
MELISSA,162,1980,F,15.0
MELISSA,162,1981,F,15.0
JENNIFER,160,1981,F,18.0
MICHAEL,157,1982,M,19.0
MATTHEW,154,1989,M,20.0
MATTHEW,153,1985,M,21.0
MATTHEW,153,1988,M,21.0
CHRISTOPHER,151,1984,M,23.0
JENNIFER,146,1984,F,24.0
MICHAEL,146,1987,M,24.0
JENNIFER,145,1983,F,26.0
CHRISTOPHER,144,1980,M,27.0
MICHAEL,144,1984,M,27.0
JASON,143,1980,M,29.0
MICHAEL,143,1983,M,29.0
RYAN,141,1981,M,31.0
BRANDON,139,1993,M,32.0
JENNIFER,139,1980,F,32.0
AMANDA,138,1981,F,34.0
MATTHEW,138,1986,M,34.0
MELISSA,137,1982,F,36.0
MICHAEL,137,1981,M,36.0
CHRISTOPHER,136,1985,M,38.0
JASON,135,1982,M,39.0
JOSEPH,135,1981,M,39.0
MATTHEW,135,1991,M,39.0
ASHLEY,134,1987,F,42.0
JESSICA,134,1986,F,42.0
BRANDON,133,1994,M,44.0
JESSICA,132,1993,F,45.0
CHRISTOPHER,131,1983,M,46.0
MICHAEL,131,1988,M,46.0
MICHAEL,130,1989,M,48.0
JASON,129,1981,M,49.0
JOSEPH,129,1982,M,49.0
MICHAEL,129,1986,M,49.0
CHRISTOPHER,127,1981,M,52.0
JASON,127,1984,M,52.0
JOSEPH,127,1983,M,52.0
AMANDA,126,1982,F,55.0
JESSICA,124,1985,F,56.0
RYAN,123,1983,M,57.0
JESSICA,121,1983,F,58.0
JESSICA,120,1984,F,59.0
JUSTIN,120,1988,M,59.0
MATTHEW,120,1980,M,59.0
AMANDA,119,1983,F,62.0
JASON,119,1985,M,62.0
JOSEPH,119,1984,M,62.0
BRANDON,118,1996,M,65.0
MELISSA,118,1984,F,65.0
AMANDA,117,1988,F,67.0
CHRISTOPHER,117,1988,M,67.0
JESSICA,117,1994,F,67.0
MICHAEL,117,1991,M,67.0
DAVID,116,1982,M,71.0
MELISSA,116,1983,F,71.0
SAMANTHA,115,1989,F,73.0
MATTHEW,114,1990,M,74.0
JENNIFER,113,1985,F,75.0
AMANDA,112,1986,F,76.0
ANDREW,112,1984,M,76.0
DAVID,112,1980,M,76.0
EMMA,112,2003,F,76.0
JASON,112,1983,M,76.0
JUSTIN,112,1990,M,76.0
MICHAEL,112,1985,M,76.0
AMANDA,111,1985,F,83.0
CHRISTOPHER,111,1989,M,83.0
JONATHAN,111,1982,M,83.0
ANDREW,110,1987,M,86.0
RYAN,110,1987,M,86.0
AMANDA,109,1984,F,88.0
CHRISTOPHER,109,1987,M,88.0
CHRISTOPHER,109,1990,M,88.0
DAVID,109,1981,M,88.0
JESSICA,109,1995,F,88.0
MATTHEW,109,1992,M,88.0
RYAN,109,1982,M,88.0
JOSHUA,108,1984,M,95.0
SAMANTHA,108,1990,F,95.0
SARAH,108,1986,F,95.0
MATTHEW,107,1993,M,98.0
JULIE,106,1981,F,99.0
RYAN,106,1984,M,99.0
ASHLEY,105,1989,F,101.0
JOSHUA,105,1986,M,101.0
MICHAEL,105,1990,M,101.0
RYAN,105,1992,M,101.0
ASHLEY,104,1985,F,105.0
BRANDON,104,1995,M,105.0
JUSTIN,104,1986,M,105.0
RYAN,104,1993,M,105.0
ANDREW,103,1983,M,109.0
JOSHUA,103,1990,M,109.0
JUSTIN,103,1991,M,109.0
ASHLEY,102,1986,F,112.0
DANIEL,102,1981,M,112.0
RYAN,102,1986,M,112.0
SARAH,102,1989,F,112.0
JONATHAN,101,1981,M,116.0
JOSEPH,101,1986,M,116.0
MARIE,101,1981,F,116.0
ANDREW,100,1982,M,119.0
JULIE,100,1980,F,119.0
KYLE,100,1991,M,119.0
MELISSA,100,1985,F,119.0
SAMANTHA,100,1992,F,119.0
JACOB,99,1999,M,124.0
ASHLEY,98,1992,F,125.0
JENNIFER,98,1986,F,125.0
SARAH,98,1981,F,125.0
JONATHAN,97,1985,M,128.0
JOSHUA,97,1988,M,128.0
SARAH,97,1988,F,128.0
EMMA,96,2004,F,131.0
EMMA,96,2005,F,131.0
JOSHUA,96,1991,M,131.0
JUSTIN,96,1983,M,131.0
AMANDA,95,1990,F,135.0
ANDREW,95,1980,M,135.0
ANDREW,95,1981,M,135.0
DANIEL,95,1984,M,135.0
DAVID,95,1983,M,135.0
JESSICA,95,1982,F,135.0
JULIE,95,1983,F,135.0
MARIE,95,1982,F,135.0
RYAN,95,1985,M,135.0
RYAN,95,1995,M,135.0
SARAH,95,1984,F,135.0
ADAM,94,1983,M,146.0
ADAM,94,1984,M,146.0
ANDREW,94,1986,M,146.0
BRANDON,94,1992,M,146.0
BRANDON,94,1998,M,146.0
DANIEL,94,1980,M,146.0
JUSTIN,94,1989,M,146.0
JUSTIN,94,1992,M,146.0
MICHAEL,94,1992,M,146.0
SAMANTHA,94,1994,F,146.0
ANDREW,93,1989,M,156.0
NICHOLAS,93,1998,M,156.0
ADAM,92,1982,M,158.0
AMANDA,92,1987,F,158.0
JESSICA,92,1996,F,158.0
JONATHAN,92,1983,M,158.0
JULIE,92,1982,F,158.0
MATHIEU,92,1984,M,158.0
MICHAEL,92,1993,M,158.0
RYAN,92,1990,M,158.0
SARAH,92,1982,F,158.0
ASHLEY,91,1988,F,167.0
DANIEL,91,1983,M,167.0
JONATHAN,91,1986,M,167.0
MATTHEW,91,1996,M,167.0
RYAN,91,1996,M,167.0
SARAH,91,1987,F,167.0
SARAH,91,1990,F,167.0
ASHLEY,90,1984,F,174.0
JONATHAN,90,1993,M,174.0
JOSEPH,90,1980,M,174.0
JUSTIN,90,1987,M,174.0
SARAH,90,1983,F,174.0
EMMA,89,2002,F,179.0
JOSHUA,89,1985,M,179.0
JULIE,89,1985,F,179.0
JUSTIN,89,1984,M,179.0
ROBERT,89,1980,M,179.0
CHRISTOPHER,88,1991,M,184.0
EMILY,88,2000,F,184.0
JOSEPH,88,1985,M,184.0
KYLE,88,1988,M,184.0
MATTHEW,88,1994,M,184.0
MELISSA,88,1986,F,184.0
MELISSA,88,1988,F,184.0
SAMANTHA,88,1991,F,184.0
ASHLEY,87,1990,F,192.0
JOSHUA,87,1989,M,192.0
MATTHEW,87,1997,M,192.0
NICHOLAS,87,1995,M,192.0
DANIEL,86,1985,M,196.0
DANIEL,86,1986,M,196.0
MELISSA,86,1989,F,196.0
NICHOLAS,86,1986,M,196.0
RYAN,86,1991,M,196.0
STEPHANIE,86,1983,F,196.0
ANDREW,85,1990,M,202.0
JACOB,85,2001,M,202.0
JOSHUA,85,1993,M,202.0
RYAN,85,1994,M,202.0
SARAH,85,1992,F,202.0
ADAM,84,1985,M,207.0
ASHLEY,84,1991,F,207.0
EMILY,84,1998,F,207.0
JAMES,84,1981,M,207.0
JONATHAN,84,1984,M,207.0
JONATHAN,84,1987,M,207.0
JONATHAN,84,1988,M,207.0
JOSEPH,84,1990,M,207.0
NICHOLAS,84,1990,M,207.0
NICHOLAS,84,1994,M,207.0
PATRICK,84,1991,M,207.0
SARAH,84,1985,F,207.0
DAVID,83,1986,M,219.0
EMILY,83,1999,F,219.0
ERIC,83,1980,M,219.0
JACOB,83,2002,M,219.0
JASON,83,1986,M,219.0
MARIE,83,1984,F,219.0
SARAH,83,1991,F,219.0
AMANDA,82,1989,F,226.0
JOSHUA,82,1992,M,226.0
MARC,82,1980,M,226.0
MELANIE,82,1982,F,226.0
NICHOLAS,82,1983,M,226.0
SAMUEL,82,1998,M,226.0
ADAM,81,1980,M,232.0
ANDREW,81,1988,M,232.0
CHRISTOPHER,81,1992,M,232.0
JONATHAN,81,1989,M,232.0
JOSEPH,81,1988,M,232.0
JOSHUA,81,1987,M,232.0
JOSHUA,81,1994,M,232.0
JUSTIN,81,1981,M,232.0
JUSTIN,81,1985,M,232.0
JUSTIN,81,1993,M,232.0
MARK,81,1980,M,232.0
MATTHEW,81,1999,M,232.0
NICHOLAS,81,1984,M,232.0
PATRICK,81,1987,M,232.0
ANDREW,80,1985,M,246.0
JACOB,80,1997,M,246.0
JACOB,80,2006,M,246.0
JAMES,80,1982,M,246.0
KEVIN,80,1984,M,246.0
ROBERT,80,1982,M,246.0
DANIEL,79,1988,M,252.0
JACOB,79,2005,M,252.0
JASON,79,1987,M,252.0
JENNIFER,79,1987,F,252.0
JORDAN,79,1992,M,252.0
JOSEPH,79,1987,M,252.0
JOSEPH,79,1989,M,252.0
SAMANTHA,79,1993,F,252.0
SARAH,79,1980,F,252.0
SARAH,79,1993,F,252.0
TYLER,79,1992,M,252.0
ADAM,78,1981,M,263.0
ADAM,78,1988,M,263.0
BRANDON,78,1997,M,263.0
CHRISTOPHER,78,1993,M,263.0
DAVID,78,1984,M,263.0
EMILY,78,1994,F,263.0
EMILY,78,1996,F,263.0
ERIC,78,1981,M,263.0
JORDAN,78,1990,M,263.0
MATHIEU,78,1983,M,263.0
MATHIEU,78,1988,M,263.0
MATHIEU,78,1989,M,263.0
NICHOLAS,78,1991,M,263.0
RYAN,78,1980,M,263.0
ALEXANDER,77,1995,M,277.0
EMILY,77,1993,F,277.0
EMMA,77,2000,F,277.0
ERIC,77,1982,M,277.0
ETHAN,77,2002,M,277.0
JAMES,77,1985,M,277.0
JOSEPH,77,1991,M,277.0
LISA,77,1980,F,277.0
MATHIEU,77,1987,M,277.0
MELISSA,77,1987,F,277.0
NICHOLAS,77,1993,M,277.0
AMY,76,1980,F,288.0
DAVID,76,1989,M,288.0
KEVIN,76,1981,M,288.0
KYLE,76,1992,M,288.0
NICHOLAS,76,1992,M,288.0
NICHOLAS,76,1996,M,288.0
SAMUEL,76,2004,M,288.0
STEPHANIE,76,1985,F,288.0
TYLER,76,1995,M,288.0
JACOB,75,2003,M,297.0
KAYLA,75,1990,F,297.0
MICHAEL,75,1995,M,297.0
NICHOLAS,75,1997,M,297.0
ROBERT,75,1981,M,297.0
SCOTT,75,1987,M,297.0
AMY,74,1985,F,303.0
DANIEL,74,1987,M,303.0
JACOB,74,2000,M,303.0
JASON,74,1988,M,303.0
JENNIFER,74,1988,F,303.0
JESSICA,74,1997,F,303.0
KEVIN,74,1982,M,303.0
KEVIN,74,1985,M,303.0
MARIE,74,1983,F,303.0
NICHOLAS,74,1988,M,303.0
PATRICK,74,1986,M,303.0
SCOTT,74,1980,M,303.0
AMY,73,1981,F,315.0
DAVID,73,1985,M,315.0
JONATHAN,73,1991,M,315.0
JULIE,73,1986,F,315.0
KEVIN,73,1983,M,315.0
KYLE,73,1990,M,315.0
MATTHEW,73,1998,M,315.0
MICHAEL,73,1996,M,315.0
ASHLEY,72,1993,F,323.0
DANIEL,72,1982,M,323.0
JEFFREY,72,1985,M,323.0
JOSEPH,72,1992,M,323.0
JUSTIN,72,1994,M,323.0
KEVIN,72,1980,M,323.0
LIAM,72,2015,M,323.0
MARC,72,1981,M,323.0
MATHIEU,72,1981,M,323.0
MATHIEU,72,1985,M,323.0
MATHIEU,72,1991,M,323.0
MATTHEW,72,1995,M,323.0
NICHOLAS,72,1989,M,323.0
PATRICK,72,1992,M,323.0
RYAN,72,1989,M,323.0
SAMUEL,72,2003,M,323.0
SARAH,72,1997,F,323.0
STEPHANIE,72,1984,F,323.0
TYLER,72,1994,M,323.0
ALEXANDER,71,1992,M,342.0
AMY,71,1982,F,342.0
ANDREW,71,1991,M,342.0
BRIAN,71,1980,M,342.0
DANIEL,71,1990,M,342.0
EMILY,71,1997,F,342.0
JONATHAN,71,1990,M,342.0
JUSTIN,71,1980,M,342.0
JUSTIN,71,1995,M,342.0
KYLE,71,1994,M,342.0
RYAN,71,1997,M,342.0
STEPHANIE,71,1991,F,342.0
ASHLEY,70,1995,F,354.0
EMILY,70,2002,F,354.0
ERIC,70,1983,M,354.0
ERIC,70,1984,M,354.0
JACOB,70,2010,M,354.0
JAMES,70,1980,M,354.0
JULIE,70,1984,F,354.0
KAYLA,70,1991,F,354.0
LIAM,70,2014,M,354.0
NICHOLAS,70,1980,M,354.0
STEPHANIE,70,1990,F,354.0
STEPHANIE,70,1992,F,354.0
BRANDON,69,1990,M,366.0
EMMA,69,2007,F,366.0
ETHAN,69,2004,M,366.0
JACOB,69,1998,M,366.0
JACOB,69,2009,M,366.0
JAMES,69,1983,M,366.0
JEREMY,69,1987,M,366.0
JOHN,69,1982,M,366.0
JORDAN,69,1993,M,366.0
MARC,69,1983,M,366.0
MARK,69,1983,M,366.0
MATTHEW,69,2002,M,366.0
ROBERT,69,1983,M,366.0
RYAN,69,1988,M,366.0
SAMUEL,69,2007,M,366.0
SARAH,69,1995,F,366.0
ADAM,68,1986,M,382.0
BRANDON,68,1999,M,382.0
BRITTANY,68,1990,F,382.0
CODY,68,1993,M,382.0
EMILY,68,2001,F,382.0
EMMA,68,2006,F,382.0
JACOB,68,1996,M,382.0
JACOB,68,2007,M,382.0
JEREMY,68,1986,M,382.0
JOSHUA,68,2000,M,382.0
KAYLA,68,1992,F,382.0
KYLE,68,1989,M,382.0
LAURA,68,1985,F,382.0
MARIE,68,1986,F,382.0
MATHIEU,68,1982,M,382.0
MATHIEU,68,1992,M,382.0
MATTHEW,68,2001,M,382.0
NICHOLAS,68,1999,M,382.0
PATRICK,68,1988,M,382.0
ROBERT,68,1985,M,382.0
TYLER,68,1993,M,382.0
AMY,67,1983,F,403.0
BRITTANY,67,1992,F,403.0
DANIEL,67,1989,M,403.0
DAVID,67,1991,M,403.0
JACOB,67,2013,M,403.0
JAMES,67,1986,M,403.0
JEREMY,67,1981,M,403.0
JORDAN,67,1994,M,403.0
MADISON,67,2000,F,403.0
MARIE,67,1980,F,403.0
MELANIE,67,1980,F,403.0
STEPHANIE,67,1989,F,403.0
TYLER,67,1997,M,403.0
ADAM,66,1987,M,416.0
EMMA,66,2008,F,416.0
ERIC,66,1985,M,416.0
ETHAN,66,2006,M,416.0
JEREMY,66,1988,M,416.0
JOSHUA,66,1995,M,416.0
JOSHUA,66,1999,M,416.0
KEVIN,66,1986,M,416.0
LAURA,66,1984,F,416.0
MADISON,66,2003,F,416.0
MEGAN,66,1992,F,416.0
NOAH,66,2010,M,416.0
PATRICK,66,1990,M,416.0
SAMUEL,66,2000,M,416.0
TYLER,66,1991,M,416.0
ANDREW,65,1992,M,431.0
EMILY,65,1991,F,431.0
EMMA,65,1998,F,431.0
JAMES,65,1984,M,431.0
JESSICA,65,1998,F,431.0
JULIE,65,1987,F,431.0
KYLE,65,1986,M,431.0
MATHIEU,65,1995,M,431.0
MICHAEL,65,1994,M,431.0
NICHOLAS,65,1981,M,431.0
NICHOLAS,65,1987,M,431.0
NICHOLAS,65,2003,M,431.0
PATRICK,65,1994,M,431.0
RYAN,65,1998,M,431.0
RYAN,65,1999,M,431.0
SAMUEL,65,2005,M,431.0
SARAH,65,1994,F,431.0
SARAH,65,2000,F,431.0
STEPHANIE,65,1982,F,431.0
ALEXANDER,64,1991,M,450.0
ASHLEY,64,1994,F,450.0
CODY,64,1994,M,450.0
DANIEL,64,1991,M,450.0
JAMES,64,1987,M,450.0
JEFFREY,64,1984,M,450.0
JUSTIN,64,1982,M,450.0
LIAM,64,2013,M,450.0
NICHOLAS,64,2001,M,450.0
SAMUEL,64,2008,M,450.0
WILLIAM,64,2009,M,450.0
ADAM,63,1989,M,461.0
BRANDON,63,2000,M,461.0
CHRISTOPHER,63,1995,M,461.0
DAVID,63,1987,M,461.0
DYLAN,63,1999,M,461.0
EMMA,63,2009,F,461.0
EMMA,63,2011,F,461.0
JACOB,63,2011,M,461.0
KYLE,63,1993,M,461.0
MATHIEU,63,1990,M,461.0
NATHAN,63,2007,M,461.0
REBECCA,63,1994,F,461.0
SAMANTHA,63,1997,F,461.0
WILLIAM,63,2018,M,461.0
ALEXANDER,62,1993,M,475.0
ALEXANDER,62,1994,M,475.0
ASHLEY,62,1983,F,475.0
BRITTANY,62,1989,F,475.0
BRITTANY,62,1993,F,475.0
CODY,62,1995,M,475.0
EMMA,62,1999,F,475.0
JENNIFER,62,1989,F,475.0
JOSEPH,62,1993,M,475.0
JUSTIN,62,1996,M,475.0
LIAM,62,2010,M,475.0
MARC,62,1984,M,475.0
NICHOLAS,62,1985,M,475.0
NICHOLAS,62,2000,M,475.0
NOAH,62,2014,M,475.0
OLIVIA,62,2013,F,475.0
SAMUEL,62,2002,M,475.0
ALEXANDER,61,1996,M,492.0
AMANDA,61,1991,F,492.0
CODY,61,1992,M,492.0
DAVID,61,1990,M,492.0
EMILY,61,2003,F,492.0
KEVIN,61,1987,M,492.0
MADISON,61,2002,F,492.0
MARIE,61,1985,F,492.0
PATRICK,61,1989,M,492.0
SARAH,61,1996,F,492.0
SARAH,61,1998,F,492.0
VANESSA,61,1990,F,492.0
ALEXANDER,60,1997,M,504.0
ALEXANDER,60,2001,M,504.0
AMY,60,1987,F,504.0
BRANDON,60,1991,M,504.0
CRYSTAL,60,1982,F,504.0
CRYSTAL,60,1983,F,504.0
EMILY,60,1992,F,504.0
EMILY,60,2005,F,504.0
EMMA,60,2001,F,504.0
ERIC,60,1988,M,504.0
JONATHAN,60,1994,M,504.0
JORDAN,60,1991,M,504.0
KELSEY,60,1994,F,504.0
LIAM,60,2017,M,504.0
MEGAN,60,1995,F,504.0
MELISSA,60,1991,F,504.0
MICHELLE,60,1980,F,504.0
MÉLANIE,60,1985,F,504.0
OLIVIA,60,2006,F,504.0
PATRICK,60,1995,M,504.0
SAMUEL,60,2006,M,504.0
STEPHANIE,60,1988,F,504.0
TYLER,60,1999,M,504.0
ALEXANDER,59,1998,M,527.0
BENJAMIN,59,2002,M,527.0
BRITTANY,59,1991,F,527.0
CHRISTOPHER,59,1994,M,527.0
EMILY,59,2004,F,527.0
ETHAN,59,2009,M,527.0
JASON,59,1990,M,527.0
JEREMY,59,1982,M,527.0
JORDAN,59,1995,M,527.0
JOSHUA,59,1997,M,527.0
JOSHUA,59,2003,M,527.0
LAURA,59,1986,F,527.0
LISA,59,1981,F,527.0
LISA,59,1983,F,527.0
MADISON,59,2001,F,527.0
MARC,59,1982,M,527.0
MELISSA,59,1990,F,527.0
MICHAEL,59,1997,M,527.0
NOAH,59,2006,M,527.0
NOAH,59,2008,M,527.0
NOAH,59,2009,M,527.0
SAMANTHA,59,1995,F,527.0
TYLER,59,1996,M,527.0
ADAM,58,1990,M,550.0
BENJAMIN,58,2000,M,550.0
EMMA,58,2014,F,550.0
ERIC,58,1990,M,550.0
ETHAN,58,2008,M,550.0
JAMES,58,1990,M,550.0
JONATHAN,58,1992,M,550.0
JOSEPH,58,1994,M,550.0
JUSTIN,58,1997,M,550.0
MADISON,58,2007,F,550.0
MARIE,58,1989,F,550.0
MELANIE,58,1981,F,550.0
OLIVIA,58,2014,F,550.0
REBECCA,58,1993,F,550.0
RYAN,58,2003,M,550.0
SAMUEL,58,2001,M,550.0
TAYLOR,58,1999,F,550.0
EMILY,57,1990,F,567.0
EMILY,57,1995,F,567.0
JACOB,57,1994,M,567.0
JONATHAN,57,1995,M,567.0
JONATHAN,57,1996,M,567.0
KEVIN,57,1988,M,567.0
KYLE,57,1997,M,567.0
MARIE,57,1988,F,567.0
ROBERT,57,1986,M,567.0
CHRISTINE,56,1981,F,576.0
CHRISTOPHER,56,1996,M,576.0
DAVID,56,1988,M,576.0
JENNIFER,56,1991,F,576.0
JOSHUA,56,1996,M,576.0
LIAM,56,2016,M,576.0
MATTHEW,56,2000,M,576.0
MÉLANIE,56,1984,F,576.0
REBECCA,56,1990,F,576.0
SARAH,56,1999,F,576.0
ZACHARY,56,1994,M,576.0
ALEXANDER,55,1999,M,587.0
ANGELA,55,1980,F,587.0
BRITTANY,55,1994,F,587.0
DYLAN,55,1994,M,587.0
EMMA,55,2010,F,587.0
EMMA,55,2016,F,587.0
ETHAN,55,2001,M,587.0
ETHAN,55,2007,M,587.0
HANNAH,55,2000,F,587.0
JACOB,55,2004,M,587.0
JESSICA,55,1999,F,587.0
JORDAN,55,1998,M,587.0
JULIE,55,1989,F,587.0
MEGAN,55,1998,F,587.0
NICHOLAS,55,2004,M,587.0
OLIVIA,55,2007,F,587.0
PATRICK,55,1993,M,587.0
SAMANTHA,55,1988,F,587.0
SAMUEL,55,1997,M,587.0
STEPHANIE,55,1981,F,587.0
WILLIAM,55,2008,M,587.0
WILLIAM,55,2011,M,587.0
WILLIAM,55,2015,M,587.0
BENJAMIN,54,1989,M,610.0
BRANDON,54,2001,M,610.0
DAVID,54,1992,M,610.0
DYLAN,54,2001,M,610.0
EMILY,54,1989,F,610.0
EMMA,54,2013,F,610.0
ETHAN,54,2005,M,610.0
JEREMY,54,1991,M,610.0
JESSE,54,1992,M,610.0
LIAM,54,2012,M,610.0
NATHAN,54,2008,M,610.0
OLIVIA,54,2011,F,610.0
RYAN,54,2000,M,610.0
SAMUEL,54,1999,M,610.0
STEPHANIE,54,1980,F,610.0
STEPHANIE,54,1986,F,610.0
WILLIAM,54,2014,M,610.0
AMY,53,1984,F,627.0
ANGELA,53,1982,F,627.0
AUSTIN,53,1999,M,627.0
AVA,53,2010,F,627.0
BENJAMIN,53,1999,M,627.0
DAVID,53,1993,M,627.0
DYLAN,53,1996,M,627.0
EMMA,53,2017,F,627.0
ERIC,53,1989,M,627.0
JACOB,53,2008,M,627.0
JESSE,53,1993,M,627.0
JOSEPH,53,1995,M,627.0
JULIE,53,1988,F,627.0
JULIE,53,1992,F,627.0
JUSTIN,53,1999,M,627.0
KEVIN,53,1989,M,627.0
LAURA,53,1989,F,627.0
NOAH,53,2013,M,627.0
OLIVIA,53,2009,F,627.0
SAMUEL,53,1996,M,627.0
VANESSA,53,1991,F,627.0
ZACHARY,53,1996,M,627.0
BRITTANY,52,1995,F,649.0
EMMA,52,2015,F,649.0
JENNIFER,52,1990,F,649.0
JOSEPH,52,1996,M,649.0
KYLE,52,1999,M,649.0
LIAM,52,2009,M,649.0
MATHIEU,52,1993,M,649.0
MEGAN,52,1985,F,649.0
MEGAN,52,1986,F,649.0
MICHELLE,52,1981,F,649.0
NICOLE,52,1986,F,649.0
NOAH,52,2005,M,649.0
NOAH,52,2007,M,649.0
OLIVIA,52,2012,F,649.0
OLIVIA,52,2016,F,649.0
SOPHIE,52,2010,F,649.0
TANYA,52,1980,F,649.0
ZACHARY,52,1997,M,649.0
ZACHARY,52,2003,M,649.0
ALEXANDER,51,2002,M,668.0
BENJAMIN,51,1998,M,668.0
DYLAN,51,2000,M,668.0
ERIN,51,1980,F,668.0
JACOB,51,1995,M,668.0
JOHN,51,1989,M,668.0
JOSHUA,51,2001,M,668.0
KAYLA,51,1989,F,668.0
MADISON,51,2005,F,668.0
MEGAN,51,1989,F,668.0
MELISSA,51,1992,F,668.0
MÉLANIE,51,1986,F,668.0
NICOLE,51,1983,F,668.0
NOAH,51,2011,M,668.0
NOAH,51,2012,M,668.0
PATRICK,51,1996,M,668.0
REBECCA,51,1991,F,668.0
SAMUEL,51,2009,M,668.0
SAMUEL,51,2014,M,668.0
WILLIAM,51,2010,M,668.0
WILLIAM,51,2013,M,668.0
ZACHARY,51,2000,M,668.0
ANDREW,50,1993,M,690.0
CODY,50,1996,M,690.0
COURTNEY,50,1996,F,690.0
EMMA,50,2012,F,690.0
ERIN,50,1983,F,690.0
JORDAN,50,1996,M,690.0
JOSHUA,50,2002,M,690.0
JULIE,50,1993,F,690.0
KYLE,50,1996,M,690.0
KYLE,50,1998,M,690.0
LIAM,50,2018,M,690.0
LISA,50,1982,F,690.0
MATHIEU,50,1994,M,690.0
MEGAN,50,1987,F,690.0
MEGAN,50,1991,F,690.0
MÉLANIE,50,1981,F,690.0
NICOLE,50,1984,F,690.0
NICOLE,50,1987,F,690.0
OLIVIA,50,2015,F,690.0
OLIVIA,50,2018,F,690.0
RYAN,50,2004,M,690.0
SAMANTHA,50,1996,F,690.0
SAMUEL,50,2010,M,690.0
STEPHANIE,50,1987,F,690.0
TYLER,50,1998,M,690.0
VANESSA,50,1989,F,690.0
ZACHARY,50,1995,M,690.0
ZACHARY,50,2001,M,690.0
AMY,49,1986,F,718.0
ANDREW,49,1995,M,718.0
CONNOR,49,2005,M,718.0
EMMA,49,2018,F,718.0
ETHAN,49,2003,M,718.0
HANNAH,49,1999,F,718.0
JACOB,49,2012,M,718.0
JACOB,49,2014,M,718.0
JORDAN,49,1997,M,718.0
JUSTIN,49,2001,M,718.0
KATELYN,49,1989,F,718.0
LOGAN,49,2004,M,718.0
MARIE,49,1990,F,718.0
MELANIE,49,1985,F,718.0
OLIVIA,49,2010,F,718.0
REBECCA,49,1992,F,718.0
WILLIAM,49,2012,M,718.0
ZACHARY,49,2002,M,718.0
ABIGAIL,48,2003,F,736.0
ALEXANDER,48,2000,M,736.0
AMY,48,1988,F,736.0
ANDREW,48,1997,M,736.0
ANGELA,48,1981,F,736.0
BENJAMIN,48,2005,M,736.0
CHRISTINE,48,1982,F,736.0
HANNAH,48,2002,F,736.0
KELSEY,48,1993,F,736.0
MADISON,48,2009,F,736.0
MELANIE,48,1983,F,736.0
MELANIE,48,1984,F,736.0
PATRICK,48,1997,M,736.0
TYLER,48,2001,M,736.0
VANESSA,48,1988,F,736.0
VANESSA,48,1993,F,736.0
WILLIAM,48,2005,M,736.0
WILLIAM,48,2016,M,736.0
ALEXIS,47,2009,F,754.0
CHRISTINE,47,1980,F,754.0
DYLAN,47,1998,M,754.0
HANNAH,47,2001,F,754.0
JACOB,47,2015,M,754.0
JUSTIN,47,1998,M,754.0
LOGAN,47,2008,M,754.0
MADISON,47,1999,F,754.0
MADISON,47,2008,F,754.0
MEGAN,47,1999,F,754.0
NATHAN,47,2004,M,754.0
NATHAN,47,2005,M,754.0
NICOLE,47,1988,F,754.0
NOAH,47,1999,M,754.0
OLIVIA,47,2008,F,754.0
REBECCA,47,1996,F,754.0
SAMUEL,47,2012,M,754.0
STEPHANIE,47,1993,F,754.0
VANESSA,47,1992,F,754.0
ZACHARY,47,1998,M,754.0
ZACHARY,47,1999,M,754.0
ALEX,46,1999,M,775.0
ALEXANDER,46,2005,M,775.0
ALEXANDER,46,2011,M,775.0
ANNIE,46,1981,F,775.0
AUSTIN,46,1998,M,775.0
BRITTANY,46,1986,F,775.0
CHRISTINE,46,1987,F,775.0
HANNAH,46,2004,F,775.0
JESSICA,46,2001,F,775.0
JULIE,46,1990,F,775.0
LAURA,46,1987,F,775.0
LISA,46,1984,F,775.0
LOGAN,46,2002,M,775.0
LOGAN,46,2006,M,775.0
LOGAN,46,2013,M,775.0
NICHOLAS,46,2002,M,775.0
NOAH,46,2004,M,775.0
NOAH,46,2018,M,775.0
OWEN,46,2010,M,775.0
SARAH,46,2004,F,775.0
TANYA,46,1981,F,775.0
TAYLOR,46,1998,F,775.0
TIFFANY,46,1989,F,775.0
ALEX,45,2001,M,798.0
HEATHER,45,1980,F,798.0
ISABELLE,45,1983,F,798.0
JACOB,45,2016,M,798.0
JENNA,45,1992,F,798.0
JOSHUA,45,1998,M,798.0
JULIE,45,1991,F,798.0
JUSTIN,45,2000,M,798.0
LAURA,45,1992,F,798.0
LIAM,45,2008,M,798.0
LOGAN,45,2005,M,798.0
LOGAN,45,2007,M,798.0
LUCAS,45,2007,M,798.0
MADISON,45,2004,F,798.0
MEGAN,45,1990,F,798.0
MICHELLE,45,1982,F,798.0
MÉLANIE,45,1983,F,798.0
NICOLE,45,1989,F,798.0
NOAH,45,2000,M,798.0
SARAH,45,2003,F,798.0
TYLER,45,2000,M,798.0
WILLIAM,45,2003,M,798.0
ZACHARY,45,2004,M,798.0
ALEX,44,2008,M,821.0
ASHLEY,44,1996,F,821.0
BENJAMIN,44,2011,M,821.0
CHRISTINE,44,1984,F,821.0
CHRISTINE,44,1985,F,821.0
CHRISTOPHER,44,1997,M,821.0
DYLAN,44,2003,M,821.0
ERIN,44,1982,F,821.0
HANNAH,44,2003,F,821.0
JENNIFER,44,1992,F,821.0
JENNIFER,44,1993,F,821.0
JESSE,44,1995,M,821.0
JONATHAN,44,1997,M,821.0
JOSHUA,44,2005,M,821.0
KAYLA,44,1995,F,821.0
KELSEY,44,1992,F,821.0
LAURA,44,1991,F,821.0
LOGAN,44,2010,M,821.0
MADISON,44,2006,F,821.0
MARIE,44,1991,F,821.0
MEGAN,44,1997,F,821.0
MICHELLE,44,1984,F,821.0
MICHELLE,44,1986,F,821.0
NICOLE,44,1980,F,821.0
NOAH,44,2016,M,821.0
NOAH,44,2017,M,821.0
OLIVIA,44,2003,F,821.0
OLIVIA,44,2017,F,821.0
RYAN,44,2002,M,821.0
SAMANTHA,44,1998,F,821.0
SOPHIA,44,2012,F,821.0
STEPHANIE,44,1994,F,821.0
TIFFANY,44,1988,F,821.0
TYLER,44,2005,M,821.0
ALEXANDER,43,2004,M,855.0
ALEXANDRE,43,1999,M,855.0
AMANDA,43,1992,F,855.0
ANNIE,43,1980,F,855.0
AUSTIN,43,1997,M,855.0
BENJAMIN,43,2001,M,855.0
BENJAMIN,43,2003,M,855.0
CARTER,43,2013,M,855.0
CINDY,43,1980,F,855.0
CINDY,43,1981,F,855.0
COURTNEY,43,1989,F,855.0
COURTNEY,43,1991,F,855.0
DYLAN,43,1997,M,855.0
KAYLA,43,1994,F,855.0
KRISTA,43,1981,F,855.0
LAURA,43,1988,F,855.0
LUCAS,43,2011,M,855.0
MATTHEW,43,2003,M,855.0
MEGAN,43,1996,F,855.0
MICHAEL,43,2000,M,855.0
MICHELLE,43,1983,F,855.0
MICHELLE,43,1985,F,855.0
MICHELLE,43,1987,F,855.0
NICOLE,43,1982,F,855.0
NOAH,43,2015,M,855.0
OWEN,43,2015,M,855.0
REBECCA,43,1986,F,855.0
REBECCA,43,1995,F,855.0
SAMANTHA,43,1987,F,855.0
SYLVIE,43,1980,F,855.0
AMANDA,42,1993,F,885.0
ANGELA,42,1983,F,885.0
BENJAMIN,42,2017,M,885.0
CAMERON,42,2000,M,885.0
CHRISTINE,42,1983,F,885.0
CHRISTINE,42,1988,F,885.0
DANIELLE,42,1984,F,885.0
EMILY,42,2006,F,885.0
ERIN,42,1981,F,885.0
JENNA,42,1991,F,885.0
LAURA,42,1990,F,885.0
LISA,42,1986,F,885.0
MARIE,42,1987,F,885.0
MATTHEW,42,2004,M,885.0
MATTHEW,42,2005,M,885.0
MATTHEW,42,2006,M,885.0
MEGAN,42,1984,F,885.0
MEGAN,42,1988,F,885.0
MELISSA,42,1994,F,885.0
NATHAN,42,2009,M,885.0
NOAH,42,2003,M,885.0
OLIVIA,42,2005,F,885.0
REBECCA,42,1988,F,885.0
RYAN,42,2005,M,885.0
THOMAS,42,2016,M,885.0
TYLER,42,2003,M,885.0
ZACHARY,42,2005,M,885.0
ZACHARY,42,2007,M,885.0
ABIGAIL,41,2007,F,913.0
ALEX,41,2002,M,913.0
ALEX,41,2009,M,913.0
ANDREW,41,1998,M,913.0
AVA,41,2011,F,913.0
BENJAMIN,41,2006,M,913.0
COURTNEY,41,1992,F,913.0
ERIN,41,1984,F,913.0
HANNAH,41,1997,F,913.0
JORDAN,41,1999,M,913.0
KATELYN,41,1990,F,913.0
KAYLA,41,1993,F,913.0
KYLE,41,2000,M,913.0
LAURA,41,1993,F,913.0
LILY,41,2012,F,913.0
LOGAN,41,2017,M,913.0
LUCAS,41,2009,M,913.0
MEGAN,41,1994,F,913.0
MICHAEL,41,1998,M,913.0
MICHAEL,41,1999,M,913.0
MÉLANIE,41,1982,F,913.0
NATHALIE,41,1982,F,913.0
NATHAN,41,2010,M,913.0
OLIVIA,41,2000,F,913.0
REBECCA,41,1985,F,913.0
SARAH,41,2001,F,913.0
SARAH,41,2005,F,913.0
SOPHIE,41,2009,F,913.0
ALEX,40,2007,M,941.0
ALEXANDER,40,2006,M,941.0
ALEXANDER,40,2008,M,941.0
ASHLEY,40,1997,F,941.0
BENJAMIN,40,2012,M,941.0
BRANDON,40,2003,M,941.0
COURTNEY,40,1995,F,941.0
HANNAH,40,1998,F,941.0
HANNAH,40,2006,F,941.0
HEATHER,40,1981,F,941.0
JACK,40,2014,M,941.0
JENNIFER,40,1994,F,941.0
LILY,40,2009,F,941.0
LUCAS,40,2012,M,941.0
MICHELLE,40,1988,F,941.0
MORGAN,40,1994,F,941.0
MÉLANIE,40,1987,F,941.0
NICOLE,40,1985,F,941.0
SYLVIE,40,1982,F,941.0
TAYLOR,40,1994,F,941.0
TAYLOR,40,2000,F,941.0
TAYLOR,40,2003,F,941.0
WILLIAM,40,2017,M,941.0
ABIGAIL,39,2006,F,964.0
ASHLEY,39,2000,F,964.0
AUSTIN,39,2000,M,964.0
AVA,39,2007,F,964.0
AVA,39,2009,F,964.0
BENJAMIN,39,2004,M,964.0
CHRISTINE,39,1986,F,964.0
CONNOR,39,2004,M,964.0
DANIELLE,39,1987,F,964.0
JENNA,39,2003,F,964.0
JESSICA,39,2000,F,964.0
JUSTIN,39,2002,M,964.0
KATELYN,39,1988,F,964.0
LIAM,39,2011,M,964.0
LINDSAY,39,1985,F,964.0
LOGAN,39,2011,M,964.0
LUCAS,39,2014,M,964.0
MARIE,39,1992,F,964.0
MARIE,39,1993,F,964.0
NATHAN,39,2011,M,964.0
OLIVER,39,2018,M,964.0
OWEN,39,2014,M,964.0
REBECCA,39,1997,F,964.0
SAMUEL,39,2011,M,964.0
SOPHIE,39,2008,F,964.0
TAYLOR,39,1997,F,964.0
TYLER,39,2004,M,964.0
WILLIAM,39,2007,M,964.0
ALEX,38,1998,M,992.0
ALEX,38,2003,M,992.0
ALEXANDRE,38,1998,M,992.0
AUSTIN,38,2002,M,992.0
BENJAMIN,38,2013,M,992.0
BENJAMIN,38,2015,M,992.0
BENJAMIN,38,2016,M,992.0
BRITTANY,38,1996,F,992.0
CHARLOTTE,38,2016,F,992.0
DANIELLE,38,1993,F,992.0
DYLAN,38,2004,M,992.0
JACK,38,2011,M,992.0
JACK,38,2018,M,992.0
JENNA,38,1993,F,992.0
LIAM,38,2007,M,992.0
LOGAN,38,2012,M,992.0
MARIE,38,1994,F,992.0
NATASHA,38,1986,F,992.0
RYAN,38,2001,M,992.0
SAMANTHA,38,1999,F,992.0
VANESSA,38,1987,F,992.0
ABIGAIL,37,2009,F,1013.0
ALYSSA,37,1999,F,1013.0
BENJAMIN,37,2009,M,1013.0
BRANDON,37,2002,M,1013.0
CHLOE,37,2010,F,1013.0
COURTNEY,37,1990,F,1013.0
DYLAN,37,2005,M,1013.0
EMILY,37,2007,F,1013.0
EMILY,37,2010,F,1013.0
JACK,37,2007,M,1013.0
JACKSON,37,2013,M,1013.0
KELSEY,37,1991,F,1013.0
MEGAN,37,1993,F,1013.0
MICHELLE,37,1993,F,1013.0
NICHOLAS,37,2005,M,1013.0
NICHOLAS,37,2006,M,1013.0
SARAH,37,2002,F,1013.0
TAYLOR,37,1996,F,1013.0
TYLER,37,2007,M,1013.0
VANESSA,37,1985,F,1013.0
ZACHARY,37,2006,M,1013.0
ZACHARY,37,2009,M,1013.0
ABIGAIL,36,2001,F,1035.0
ABIGAIL,36,2010,F,1035.0
AMANDA,36,1995,F,1035.0
CHLOE,36,2011,F,1035.0
CHRISTINE,36,1990,F,1035.0
DANIELLE,36,1990,F,1035.0
DYLAN,36,2002,M,1035.0
ELLA,36,2010,F,1035.0
EMILY,36,2008,F,1035.0
ETHAN,36,2000,M,1035.0
GABRIEL,36,2006,M,1035.0
HANNAH,36,2005,F,1035.0
JACK,36,2008,M,1035.0
JACK,36,2010,M,1035.0
JENNA,36,1994,F,1035.0
LAUREN,36,2000,F,1035.0
LOGAN,36,2003,M,1035.0
LOGAN,36,2015,M,1035.0
LUCAS,36,2017,M,1035.0
MADISON,36,1998,F,1035.0
MASON,36,2012,M,1035.0
MASON,36,2016,M,1035.0
MEGAN,36,2000,F,1035.0
SAMUEL,36,2016,M,1035.0
SOPHIA,36,2010,F,1035.0
SOPHIA,36,2016,F,1035.0
ALEXANDRE,35,2008,M,1061.0
ALYSSA,35,2002,F,1061.0
AMANDA,35,1994,F,1061.0
AVA,35,2008,F,1061.0
CHANTAL,35,1987,F,1061.0
CHARLOTTE,35,2018,F,1061.0
ETHAN,35,2010,M,1061.0
GABRIELLE,35,2001,F,1061.0
GABRIELLE,35,2007,F,1061.0
GRACE,35,2003,F,1061.0
ISABELLA,35,2010,F,1061.0
JACK,35,2016,M,1061.0
JACOB,35,2018,M,1061.0
KATELYN,35,1994,F,1061.0
MACKENZIE,35,2000,F,1061.0
MASON,35,2014,M,1061.0
NATHAN,35,2002,M,1061.0
OLIVIA,35,2004,F,1061.0
RACHEL,35,2002,F,1061.0
RYAN,35,2006,M,1061.0
RYAN,35,2007,M,1061.0
SAMUEL,35,2015,M,1061.0
WILLIAM,35,2006,M,1061.0
ZACHARY,35,2008,M,1061.0
ABIGAIL,34,2005,F,1085.0
ALEX,34,2006,M,1085.0
ALEXANDER,34,2003,M,1085.0
ALEXANDER,34,2007,M,1085.0
ALEXANDER,34,2009,M,1085.0
ALEXANDRE,34,2002,M,1085.0
ASHLEY,34,2001,F,1085.0
BENJAMIN,34,2010,M,1085.0
BRITTANY,34,1998,F,1085.0
CHLOE,34,2004,F,1085.0
CHRISTOPHER,34,2000,M,1085.0
CONNOR,34,2001,M,1085.0
CONNOR,34,2003,M,1085.0
EMMA,34,1997,F,1085.0
EVAN,34,2008,M,1085.0
HAILEY,34,2008,F,1085.0
ISAAC,34,2002,M,1085.0
JACK,34,2015,M,1085.0
JAYDEN,34,2007,M,1085.0
KELSEY,34,1995,F,1085.0
LAUREN,34,1997,F,1085.0
LIAM,34,2005,M,1085.0
LOGAN,34,2001,M,1085.0
LOGAN,34,2009,M,1085.0
LUCAS,34,2013,M,1085.0
MEGAN,34,2001,F,1085.0
NATHAN,34,2001,M,1085.0
NOAH,34,2002,M,1085.0
OLIVIA,34,2002,F,1085.0
OLIVIER,34,2013,M,1085.0
OWEN,34,2005,M,1085.0
OWEN,34,2007,M,1085.0
SOPHIA,34,2011,F,1085.0
VANESSA,34,1994,F,1085.0
VANESSA,34,1995,F,1085.0
VANESSA,34,1998,F,1085.0
WILLIAM,34,2004,M,1085.0
ABIGAIL,33,2002,F,1122.0
ABIGAIL,33,2008,F,1122.0
AIDEN,33,2009,M,1122.0
ALEXANDRE,33,2005,M,1122.0
AMELIA,33,2017,F,1122.0
AUDREY,33,2006,F,1122.0
AUSTIN,33,2004,M,1122.0
AVA,33,2006,F,1122.0
BENJAMIN,33,2007,M,1122.0
CALEB,33,2001,M,1122.0
CAMERON,33,2005,M,1122.0
CARTER,33,2014,M,1122.0
CHARLOTTE,33,2013,F,1122.0
CHLOE,33,2005,F,1122.0
CHLOE,33,2008,F,1122.0
COLE,33,2003,M,1122.0
CONNOR,33,2006,M,1122.0
EMILY,33,2011,F,1122.0
EMILY,33,2015,F,1122.0
ETHAN,33,2011,M,1122.0
GABRIELLE,33,1997,F,1122.0
GRACE,33,2001,F,1122.0
HANNAH,33,2008,F,1122.0
HUNTER,33,2013,M,1122.0
JACK,33,2017,M,1122.0
LILY,33,2008,F,1122.0
LOGAN,33,2018,M,1122.0
MAXIME,33,2004,M,1122.0
MAXIME,33,2005,M,1122.0
MAXIME,33,2008,M,1122.0
MELISSA,33,1995,F,1122.0
MIGUEL,33,2005,M,1122.0
NATHAN,33,2006,M,1122.0
NICHOLAS,33,2008,M,1122.0
OWEN,33,2008,M,1122.0
OWEN,33,2009,M,1122.0
OWEN,33,2012,M,1122.0
OWEN,33,2013,M,1122.0
RYAN,33,2008,M,1122.0
RYAN,33,2009,M,1122.0
SOPHIE,33,2007,F,1122.0
SOPHIE,33,2013,F,1122.0
TAYLOR,33,2002,F,1122.0
THOMAS,33,2013,M,1122.0
ABIGAIL,32,2004,F,1166.0
ABIGAIL,32,2012,F,1166.0
ALEX,32,2004,M,1166.0
CALEB,32,2010,M,1166.0
CAMERON,32,2007,M,1166.0
CAMERON,32,2008,M,1166.0
CHLOE,32,2002,F,1166.0
EMILY,32,2009,F,1166.0
HUNTER,32,2014,M,1166.0
ISAAC,32,2010,M,1166.0
JUSTIN,32,2003,M,1166.0
KRISTEN,32,1996,F,1166.0
LAUREN,32,2006,F,1166.0
LILY,32,2010,F,1166.0
LUCAS,32,2018,M,1166.0
MACKENZIE,32,1999,F,1166.0
MACKENZIE,32,2001,F,1166.0
MARIE,32,1995,F,1166.0
MEGAN,32,2002,F,1166.0
MICHAEL,32,2001,M,1166.0
NATHAN,32,2014,M,1166.0
OLIVER,32,2015,M,1166.0
OWEN,32,2011,M,1166.0
REBECCA,32,2001,F,1166.0
SOPHIE,32,2011,F,1166.0
SOPHIE,32,2012,F,1166.0
TAYLOR,32,1995,F,1166.0
TAYLOR,32,2001,F,1166.0
WYATT,32,2017,M,1166.0
ALEXANDRE,31,2006,M,1195.0
ALYSSA,31,2007,F,1195.0
AMY,31,1995,F,1195.0
AVA,31,2012,F,1195.0
AVA,31,2014,F,1195.0
BRANDON,31,2004,M,1195.0
CALEB,31,2006,M,1195.0
CARTER,31,2010,M,1195.0
CARTER,31,2012,M,1195.0
CHLOÉ,31,2003,F,1195.0
DANIELLE,31,1995,F,1195.0
DYLAN,31,2007,M,1195.0
EMMA,31,1996,F,1195.0
GABRIEL,31,2007,M,1195.0
HANNAH,31,1996,F,1195.0
HAYDEN,31,2011,M,1195.0
ISABELLE,31,2006,F,1195.0
JACKSON,31,2015,M,1195.0
JAXON,31,2016,M,1195.0
LAURA,31,1995,F,1195.0
LILY,31,2006,F,1195.0
LINCOLN,31,2016,M,1195.0
MACKENZIE,31,1998,F,1195.0
MADISON,31,1996,F,1195.0
MADISON,31,2010,F,1195.0
NATHAN,31,2013,M,1195.0
OLIVIA,31,2001,F,1195.0
OWEN,31,2004,M,1195.0
RILEY,31,2004,M,1195.0
SAMUEL,31,2017,M,1195.0
SARAH,31,2006,F,1195.0
XAVIER,31,2010,M,1195.0
ABIGAIL,30,2011,F,1227.0
ABIGAIL,30,2013,F,1227.0
ALEXANDER,30,2010,M,1227.0
ALEXANDER,30,2013,M,1227.0
ALEXANDRE,30,2010,M,1227.0
ALYSSA,30,2001,F,1227.0
ASHLEY,30,2002,F,1227.0
CHARLOTTE,30,2014,F,1227.0
CHARLOTTE,30,2017,F,1227.0
CHLOE,30,2001,F,1227.0
CHLOE,30,2009,F,1227.0
DYLAN,30,2012,M,1227.0
ETHAN,30,2012,M,1227.0
ETHAN,30,2014,M,1227.0
GABRIEL,30,2012,M,1227.0
GABRIELLE,30,2004,F,1227.0
GRACE,30,2005,F,1227.0
JACK,30,2006,M,1227.0
JAMES,30,2017,M,1227.0
JAYDEN,30,2008,M,1227.0
JENNA,30,1997,F,1227.0
JENNA,30,2000,F,1227.0
JOSHUA,30,2008,M,1227.0
KAYLA,30,1998,F,1227.0
KELSEY,30,1996,F,1227.0
LAUREN,30,2004,F,1227.0
MACKENZIE,30,1997,F,1227.0
MADISON,30,2014,F,1227.0
MASON,30,2011,M,1227.0
MASON,30,2015,M,1227.0
MASON,30,2017,M,1227.0
MAXIME,30,2009,M,1227.0
NICHOLAS,30,2009,M,1227.0
OLIVER,30,2017,M,1227.0
OWEN,30,2016,M,1227.0
PAIGE,30,2003,F,1227.0
SAMUEL,30,2013,M,1227.0
SOPHIA,30,2013,F,1227.0
THOMAS,30,2017,M,1227.0
XAVIER,30,2013,M,1227.0
AIDEN,29,2011,M,1267.0
ALEXANDRA,29,1998,F,1267.0
AMELIA,29,2018,F,1267.0
ASHLEY,29,1999,F,1267.0
AUDREY,29,2005,F,1267.0
CALEB,29,2013,M,1267.0
CHLOE,29,2012,F,1267.0
ELLIE,29,2016,F,1267.0
EMILIE,29,1998,F,1267.0
GABRIEL,29,2015,M,1267.0
HANNAH,29,2009,F,1267.0
JACK,29,2009,M,1267.0
JAMES,29,2012,M,1267.0
JAYDEN,29,2011,M,1267.0
JENNIFER,29,1995,F,1267.0
JESSICA,29,2003,F,1267.0
KAYLA,29,1996,F,1267.0
LILY,29,2014,F,1267.0
LOGAN,29,2014,M,1267.0
LUCAS,29,2010,M,1267.0
MASON,29,2013,M,1267.0
NATHAN,29,2012,M,1267.0
OLIVIER,29,2015,M,1267.0
OWEN,29,2006,M,1267.0
SAMANTHA,29,2000,F,1267.0
SAMANTHA,29,2001,F,1267.0
SARAH,29,2007,F,1267.0
SOPHIA,29,2017,F,1267.0
SOPHIE,29,2002,F,1267.0
THOMAS,29,2006,M,1267.0
THOMAS,29,2015,M,1267.0
XAVIER,29,2016,M,1267.0
ABIGAIL,28,2000,F,1299.0
ALEX,28,2012,M,1299.0
AUDREY,28,2009,F,1299.0
BROOKE,28,2006,F,1299.0
BROOKE,28,2008,F,1299.0
CALEB,28,2016,M,1299.0
CHARLOTTE,28,2015,F,1299.0
CHLOE,28,2003,F,1299.0
CHLOÉ,28,2008,F,1299.0
ELLA,28,2006,F,1299.0
ELLA,28,2007,F,1299.0
EMILY,28,2013,F,1299.0
ETHAN,28,2015,M,1299.0
GABRIELLE,28,1998,F,1299.0
GABRIELLE,28,2002,F,1299.0
GRACE,28,2009,F,1299.0
HENRY,28,2018,M,1299.0
ISABELLE,28,2007,F,1299.0
JACK,28,2013,M,1299.0
JAMES,28,2015,M,1299.0
JASMINE,28,2007,F,1299.0
JULIE,28,1996,F,1299.0
KAYLA,28,1997,F,1299.0
KAYLA,28,2000,F,1299.0
LAUREN,28,1998,F,1299.0
LILY,28,2011,F,1299.0
MAXIME,28,2011,M,1299.0
MIA,28,2013,F,1299.0
MIA,28,2014,F,1299.0
OLIVIA,28,1998,F,1299.0
RACHEL,28,1997,F,1299.0
SADIE,28,2013,F,1299.0
SOPHIE,28,2003,F,1299.0
VANESSA,28,1996,F,1299.0
XAVIER,28,2012,M,1299.0
ALYSSA,27,1998,F,1334.0
ASHLEY,27,1998,F,1334.0
AUDREY,27,2004,F,1334.0
AUDREY,27,2014,F,1334.0
BENJAMIN,27,2014,M,1334.0
BENJAMIN,27,2018,M,1334.0
BROOKLYN,27,2007,F,1334.0
CARTER,27,2009,M,1334.0
CARTER,27,2011,M,1334.0
CHLOÉ,27,2002,F,1334.0
CLAIRE,27,2008,F,1334.0
DANIELLE,27,1997,F,1334.0
DYLAN,27,2009,M,1334.0
ELLA,27,2011,F,1334.0
ELLA,27,2013,F,1334.0
ETHAN,27,2018,M,1334.0
GABRIEL,27,2009,M,1334.0
HAILEY,27,2003,F,1334.0
ISAAC,27,2009,M,1334.0
ISAAC,27,2011,M,1334.0
ISABELLE,27,2009,F,1334.0
ISABELLE,27,2010,F,1334.0
JAXON,27,2012,M,1334.0
JAYDEN,27,2014,M,1334.0
JESSICA,27,2004,F,1334.0
KAYLA,27,2001,F,1334.0
LAUREN,27,2001,F,1334.0
LILY,27,2013,F,1334.0
LINCOLN,27,2017,M,1334.0
LUCAS,27,2015,M,1334.0
MACKENZIE,27,2002,F,1334.0
OWEN,27,2017,M,1334.0
OWEN,27,2018,M,1334.0
RACHEL,27,1996,F,1334.0
REBECCA,27,2002,F,1334.0
SADIE,27,2014,F,1334.0
ALEXANDER,26,2012,M,1370.0
ALEXANDER,26,2014,M,1370.0
ALYSSA,26,1997,F,1370.0
CHARLOTTE,26,2011,F,1370.0
CHLOE,26,2006,F,1370.0
GABRIELLE,26,2000,F,1370.0
GRACE,26,2004,F,1370.0
HAILEY,26,2004,F,1370.0
HANNAH,26,2007,F,1370.0
ISAAC,26,2015,M,1370.0
ISAAC,26,2016,M,1370.0
ISABELLE,26,2008,F,1370.0
JACKSON,26,2016,M,1370.0
JASMINE,26,2003,F,1370.0
JASMINE,26,2004,F,1370.0
JAXON,26,2015,M,1370.0
KAYLA,26,2004,F,1370.0
LAUREN,26,1999,F,1370.0
LAUREN,26,2005,F,1370.0
LILY,26,2016,F,1370.0
MADISON,26,1997,F,1370.0
MASON,26,2018,M,1370.0
MEGAN,26,2003,F,1370.0
MIA,26,2010,F,1370.0
MIA,26,2012,F,1370.0
MIA,26,2015,F,1370.0
MIA,26,2016,F,1370.0
MORGAN,26,1997,F,1370.0
MYA,26,2009,F,1370.0
OLIVER,26,2014,M,1370.0
OLIVER,26,2016,M,1370.0
SOPHIA,26,2015,F,1370.0
SOPHIE,26,2005,F,1370.0
THOMAS,26,2012,M,1370.0
ZACHARY,26,2012,M,1370.0
ALEXIS,25,2008,F,1405.0
ALEXIS,25,2012,F,1405.0
AVA,25,2013,F,1405.0
BROOKLYN,25,2010,F,1405.0
CALEB,25,2014,M,1405.0
CLAIRE,25,2012,F,1405.0
DYLAN,25,2010,M,1405.0
ELLA,25,2014,F,1405.0
ELLA,25,2017,F,1405.0
GABRIEL,25,2010,M,1405.0
GABRIELLE,25,2008,F,1405.0
GRACE,25,2006,F,1405.0
GRACE,25,2011,F,1405.0
HAILEY,25,2005,F,1405.0
HAILEY,25,2011,F,1405.0
HUDSON,25,2017,M,1405.0
HUNTER,25,2010,M,1405.0
ISABELLE,25,2002,F,1405.0
JESSICA,25,2002,F,1405.0
JESSICA,25,2005,F,1405.0
KAYLA,25,1999,F,1405.0
LAURA,25,1996,F,1405.0
LEAH,25,2009,F,1405.0
LEAH,25,2010,F,1405.0
LUCAS,25,2016,M,1405.0
MADISON,25,2011,F,1405.0
MADISON,25,2017,F,1405.0
OLIVIER,25,2014,M,1405.0
RILEY,25,2010,M,1405.0
SOPHIE,25,2000,F,1405.0
TAYLOR,25,2004,F,1405.0
ADDISON,24,2011,F,1436.0
ALEXIS,24,2011,F,1436.0
ANNA,24,2008,F,1436.0
ANNA,24,2016,F,1436.0
AUDREY,24,2008,F,1436.0
AUDREY,24,2016,F,1436.0
AVA,24,2005,F,1436.0
AVERY,24,2018,F,1436.0
BRIANNA,24,2003,F,1436.0
BRIANNA,24,2007,F,1436.0
BROOKLYN,24,2008,F,1436.0
CHARLOTTE,24,2012,F,1436.0
CHLOE,24,2007,F,1436.0
CLAIRE,24,2009,F,1436.0
ELLA,24,2009,F,1436.0
EMILY,24,2012,F,1436.0
EVERLY,24,2018,F,1436.0
GABRIELLE,24,2005,F,1436.0
GRACE,24,2014,F,1436.0
HAILEY,24,2006,F,1436.0
HANNAH,24,2012,F,1436.0
ISABELLA,24,2009,F,1436.0
ISABELLA,24,2012,F,1436.0
ISABELLA,24,2015,F,1436.0
ISABELLE,24,1999,F,1436.0
ISABELLE,24,2004,F,1436.0
JACOB,24,2017,M,1436.0
JAMES,24,2016,M,1436.0
JAMES,24,2018,M,1436.0
JENNA,24,2004,F,1436.0
LEAH,24,2011,F,1436.0
MACKENZIE,24,2003,F,1436.0
MACKENZIE,24,2004,F,1436.0
MADISON,24,2012,F,1436.0
MADISON,24,2013,F,1436.0
OLIVIA,24,1999,F,1436.0
SARAH,24,2009,F,1436.0
TAYLOR,24,2005,F,1436.0
THOMAS,24,2018,M,1436.0
XAVIER,24,2017,M,1436.0
XAVIER,24,2018,M,1436.0
ZOÉ,24,2010,F,1436.0
ABIGAIL,23,2018,F,1478.0
ALYSSA,23,2006,F,1478.0
ASHLEY,23,2005,F,1478.0
AUDREY,23,2011,F,1478.0
BRITTANY,23,1999,F,1478.0
CALEB,23,2018,M,1478.0
CARTER,23,2016,M,1478.0
EMILIE,23,1999,F,1478.0
EMILY,23,2014,F,1478.0
FÉLIX,23,2018,M,1478.0
GRACE,23,2007,F,1478.0
GRACE,23,2010,F,1478.0
GRACE,23,2013,F,1478.0
GRACE,23,2016,F,1478.0
JACKSON,23,2018,M,1478.0
JASMINE,23,1999,F,1478.0
KAITLYN,23,2000,F,1478.0
MACKENZIE,23,2005,F,1478.0
MORGAN,23,1999,F,1478.0
MYA,23,2010,F,1478.0
OLIVIER,23,2016,M,1478.0
SADIE,23,2015,F,1478.0
SAMUEL,23,2018,M,1478.0
SOPHIE,23,2014,F,1478.0
ABIGAIL,22,2016,F,1502.0
ADDISON,22,2013,F,1502.0
ALEXANDER,22,2017,M,1502.0
AMELIA,22,2016,F,1502.0
AVA,22,2018,F,1502.0
AVERY,22,2013,F,1502.0
AVERY,22,2014,F,1502.0
BROOKLYN,22,2012,F,1502.0
CHLOE,22,2013,F,1502.0
CLAIRE,22,2010,F,1502.0
CLAIRE,22,2011,F,1502.0
ELIZABETH,22,2017,F,1502.0
ELLA,22,2005,F,1502.0
ELLIE,22,2013,F,1502.0
EVELYN,22,2016,F,1502.0
GABRIELLE,22,2006,F,1502.0
GRACE,22,2015,F,1502.0
HAILEY,22,2016,F,1502.0
ISABELLA,22,2006,F,1502.0
JASMINE,22,2011,F,1502.0
JAXON,22,2017,M,1502.0
LAUREN,22,2010,F,1502.0
MADISON,22,2016,F,1502.0
RACHEL,22,2000,F,1502.0
SOPHIA,22,2014,F,1502.0
TAYLOR,22,2007,F,1502.0
ADDISON,21,2007,F,1528.0
ANNABELLE,21,2014,F,1528.0
ANNABELLE,21,2016,F,1528.0
AUDREY,21,2012,F,1528.0
AVA,21,2015,F,1528.0
AVA,21,2016,F,1528.0
CHLOE,21,2014,F,1528.0
EVELYN,21,2014,F,1528.0
MADISON,21,2015,F,1528.0
SCARLETT,21,2017,F,1528.0
SOPHIA,21,2018,F,1528.0
AUDREY,20,2017,F,1539.0
AVA,20,2017,F,1539.0
BROOKLYN,20,2013,F,1539.0
ELLA,20,2015,F,1539.0
ISABELLA,20,2013,F,1539.0
JADE,20,2015,F,1539.0
JADE,20,2018,F,1539.0
ZOEY,20,2012,F,1539.0
ZOEY,20,2016,F,1539.0
ABIGAIL,19,2014,F,1548.0
ADDISON,19,2017,F,1548.0
AMELIA,19,2015,F,1548.0
ANNABELLE,19,2012,F,1548.0
ARIA,19,2015,F,1548.0
AUDREY,19,2018,F,1548.0
AVERY,19,2015,F,1548.0
ELLA,19,2012,F,1548.0
ELLIE,19,2015,F,1548.0
ELLIE,19,2018,F,1548.0
ISABELLE,19,2014,F,1548.0
MILA,19,2018,F,1548.0
SOPHIE,19,2016,F,1548.0
WILLOW,19,2017,F,1548.0
ZOÉ,19,2018,F,1548.0
EMILY,18,2018,F,1563.0
EVELYN,18,2018,F,1563.0
GRACE,18,2017,F,1563.0
ISABELLA,18,2018,F,1563.0
LEAH,18,2015,F,1563.0
LILY,18,2017,F,1563.0
LILY,18,2018,F,1563.0
PEYTON,18,2016,F,1563.0
ABIGAIL,17,2017,F,1571.0
ALEXA,17,2017,F,1571.0
AUDREY,17,2015,F,1571.0
CHLOE,17,2018,F,1571.0
CLAIRE,17,2017,F,1571.0
ELLIE,17,2017,F,1571.0
ISABELLE,17,2017,F,1571.0
SOPHIE,17,2015,F,1571.0
VIOLET,17,2018,F,1571.0
